"Timestamp","Username","Curso","Instrumento 1","Instrumento 2","Instrumento 3"
"2024/12/14 5:33:33 pm CET","patata0@gmail.com","1 ESO A","Carrillón","Bateria","Guitarra eléctrica"
"2024/12/14 5:33:33 pm CET","patata1@gmail.com","1 ESO A","Carrillón","Bateria","Guitarra eléctrica"
"2024/12/14 5:33:33 pm CET","patata2@gmail.com","1 ESO A","Carrillón","Bateria","Guitarra eléctrica"
"2024/12/14 5:33:33 pm CET","patata3@gmail.com","1 ESO A","Carrillón","Bateria","Guitarra eléctrica"
"2024/12/14 5:33:33 pm CET","patata4@gmail.com","1 ESO A","Carrillón","Bateria","Guitarra eléctrica"
"2024/12/14 5:33:33 pm CET","patata5@gmail.com","1 ESO A","Carrillón","Bateria","Guitarra eléctrica"
"2024/12/14 5:33:33 pm CET","patata6@gmail.com","1 ESO A","Carrillón","Bateria","Guitarra eléctrica"
"2024/12/14 5:33:33 pm CET","patata7@gmail.com","1 ESO A","Carrillón","Bateria","Guitarra eléctrica"
"2024/12/14 5:33:33 pm CET","patata8@gmail.com","1 ESO A","Carrillón","Bateria","Guitarra eléctrica"
"2024/12/14 5:33:33 pm CET","patata9@gmail.com","1 ESO A","Carrillón","Bateria","Guitarra eléctrica"
"2024/12/14 5:33:33 pm CET","patata10@gmail.com","1 ESO A","Carrillón","Bateria","Guitarra eléctrica"
"2024/12/14 5:33:33 pm CET","patata11@gmail.com","1 ESO A","Carrillón","Bateria","Guitarra eléctrica"