Email, Curso
patata_1ESOA_0@instituto.com, 1 ESO A
patata_1ESOA_1@instituto.com, 1 ESO A
patata_1ESOA_2@instituto.com, 1 ESO A
patata_1ESOA_3@instituto.com, 1 ESO A
patata_1ESOA_4@instituto.com, 1 ESO A
patata_1ESOA_5@instituto.com, 1 ESO A
patata_1ESOA_6@instituto.com, 1 ESO A
patata_1ESOA_7@instituto.com, 1 ESO A
patata_1ESOA_8@instituto.com, 1 ESO A
patata_1ESOA_9@instituto.com, 1 ESO A
patata_1ESOA_10@instituto.com, 1 ESO A
patata_1ESOA_11@instituto.com, 1 ESO A
patata_1ESOB_0@instituto.com, 1 ESO B
patata_1ESOB_1@instituto.com, 1 ESO B
patata_1ESOB_2@instituto.com, 1 ESO B
patata_1ESOB_3@instituto.com, 1 ESO B
patata_1ESOB_4@instituto.com, 1 ESO B
patata_1ESOB_5@instituto.com, 1 ESO B
patata_1ESOB_6@instituto.com, 1 ESO B
patata_1ESOB_7@instituto.com, 1 ESO B
patata_1ESOB_8@instituto.com, 1 ESO B
patata_1ESOB_9@instituto.com, 1 ESO B
patata_1ESOB_10@instituto.com, 1 ESO B
patata_1ESOB_11@instituto.com, 1 ESO B
patata_1ESOC_0@instituto.com, 1 ESO C
patata_1ESOC_1@instituto.com, 1 ESO C
patata_1ESOC_2@instituto.com, 1 ESO C
patata_1ESOC_3@instituto.com, 1 ESO C
patata_1ESOC_4@instituto.com, 1 ESO C
patata_1ESOC_5@instituto.com, 1 ESO C
patata_1ESOC_6@instituto.com, 1 ESO C
patata_1ESOC_7@instituto.com, 1 ESO C
patata_1ESOC_8@instituto.com, 1 ESO C
patata_1ESOC_9@instituto.com, 1 ESO C
patata_1ESOC_10@instituto.com, 1 ESO C
patata_1ESOC_11@instituto.com, 1 ESO C
patata_2ESOA_0@instituto.com, 2 ESO A
patata_2ESOA_1@instituto.com, 2 ESO A
patata_2ESOA_2@instituto.com, 2 ESO A
patata_2ESOA_3@instituto.com, 2 ESO A
patata_2ESOA_4@instituto.com, 2 ESO A
patata_2ESOA_5@instituto.com, 2 ESO A
patata_2ESOA_6@instituto.com, 2 ESO A
patata_2ESOA_7@instituto.com, 2 ESO A
patata_2ESOA_8@instituto.com, 2 ESO A
patata_2ESOA_9@instituto.com, 2 ESO A
patata_2ESOA_10@instituto.com, 2 ESO A
patata_2ESOA_11@instituto.com, 2 ESO A
patata_2ESOB_0@instituto.com, 2 ESO B
patata_2ESOB_1@instituto.com, 2 ESO B
patata_2ESOB_2@instituto.com, 2 ESO B
patata_2ESOB_3@instituto.com, 2 ESO B
patata_2ESOB_4@instituto.com, 2 ESO B
patata_2ESOB_5@instituto.com, 2 ESO B
patata_2ESOB_6@instituto.com, 2 ESO B
patata_2ESOB_7@instituto.com, 2 ESO B
patata_2ESOB_8@instituto.com, 2 ESO B
patata_2ESOB_9@instituto.com, 2 ESO B
patata_2ESOB_10@instituto.com, 2 ESO B
patata_2ESOB_11@instituto.com, 2 ESO B
patata_3ESO_0@instituto.com, 3 ESO
patata_3ESO_1@instituto.com, 3 ESO
patata_3ESO_2@instituto.com, 3 ESO
patata_3ESO_3@instituto.com, 3 ESO
patata_3ESO_4@instituto.com, 3 ESO
patata_3ESO_5@instituto.com, 3 ESO
patata_3ESO_6@instituto.com, 3 ESO
patata_3ESO_7@instituto.com, 3 ESO
patata_3ESO_8@instituto.com, 3 ESO
patata_3ESO_9@instituto.com, 3 ESO
patata_3ESO_10@instituto.com, 3 ESO
patata_3ESO_11@instituto.com, 3 ESO
patata_4ESOA_0@instituto.com, 4 ESO A
patata_4ESOA_1@instituto.com, 4 ESO A
patata_4ESOA_2@instituto.com, 4 ESO A
patata_4ESOA_3@instituto.com, 4 ESO A
patata_4ESOA_4@instituto.com, 4 ESO A
patata_4ESOA_5@instituto.com, 4 ESO A
patata_4ESOA_6@instituto.com, 4 ESO A
patata_4ESOA_7@instituto.com, 4 ESO A
patata_4ESOA_8@instituto.com, 4 ESO A
patata_4ESOA_9@instituto.com, 4 ESO A
patata_4ESOA_10@instituto.com, 4 ESO A
patata_4ESOA_11@instituto.com, 4 ESO A
patata_4ESOB_0@instituto.com, 4 ESO B
patata_4ESOB_1@instituto.com, 4 ESO B
patata_4ESOB_2@instituto.com, 4 ESO B
patata_4ESOB_3@instituto.com, 4 ESO B
patata_4ESOB_4@instituto.com, 4 ESO B
patata_4ESOB_5@instituto.com, 4 ESO B
patata_4ESOB_6@instituto.com, 4 ESO B
patata_4ESOB_7@instituto.com, 4 ESO B
patata_4ESOB_8@instituto.com, 4 ESO B
patata_4ESOB_9@instituto.com, 4 ESO B
patata_4ESOB_10@instituto.com, 4 ESO B
patata_4ESOB_11@instituto.com, 4 ESO B
